<?xml version="1.0" encoding="UTF-8"?>
<access component="com_siakuser">
    <section name="component">
        <action 
            name        = "core.admin"
            description = "JACTION_ADMIN_COMPONENT_DESC"
            title       = "JACTION_ADMIN"
        />

        <action 
            name        = "core.manage"
            description = "JACTION_MANAGE_COMPONENT_DESC"
            title       = "JACTION_MANAGE"
        />

        <action 
            name        = "core.create"
            description = "JACTION_CREATE_COMPONENT_DESC"
            title       = "JACTION_CREATE"
        />

        <action 
            name        = "core.edit"
            description = "JACTION_EDIT_COMPONENT_DESC"
            title       = "JACTION_EDIT"
        />

        <action 
            name        = "core.edit.state"
            description = "JACTION_EDIT_STATE_COMPONENT_DESC"
            title       = "JACTION_EDIT_STATE"
        />

        <action 
            name        = "core.delete"
            description = "JACTION_DELETE_COMPONENT_DESC"
            title       = "JACTION_DELETE"
        />
    </section>
</access>